model,vocabulary,correct,answered,accuracy
word2vec-google-news-300,3000000,70,79,0.8860759493670886
fasttext-wiki-news-subwords-300,999999,74,80,0.925
glove-wiki-gigaword-300,400000,71,80,0.8875
glove-twitter-100,1193514,39,78,0.5
glove-twitter-200,1193514,44,78,0.5641025641025641
model_ebook_1-10-4,26506,19,67,0.2835820895522388
model_ebook_2-10-8,26506,25,67,0.373134328358209
model_ebook_3-20-4,26506,25,67,0.373134328358209
model_ebook_4-20-8,26506,28,67,0.417910447761194
